timestamp,test_condition,class_0,class_1,class_2,predicted_class,predicted_probability
2026-08-13T17:29:36.121256,REAL_PERSON,0.0008282087510451674,0.008439825847744942,0.9907320141792297,2,0.9907320141792297
2026-08-13T17:29:36.414222,REAL_PERSON,0.0008104598382487893,0.008280553855001926,0.9909089207649231,2,0.9909089207649231
2026-08-13T17:29:36.645165,REAL_PERSON,0.00081113405758515,0.008394841104745865,0.9907940030097961,2,0.9907940030097961
2026-08-13T17:29:36.869449,REAL_PERSON,0.0008348991977982223,0.008760380558669567,0.9904047250747681,2,0.9904047250747681
2026-08-13T17:29:37.090588,REAL_PERSON,0.0008244149503298104,0.008579842746257782,0.9905956983566284,2,0.9905956983566284
2026-08-13T17:29:37.310507,REAL_PERSON,0.0008070557378232479,0.008278883062303066,0.9909141063690186,2,0.9909141063690186
2026-08-13T17:29:37.533441,REAL_PERSON,0.0007974818581715226,0.008173412643373013,0.9910290241241455,2,0.9910290241241455
2026-08-13T17:29:37.817068,REAL_PERSON,0.0008170279324986041,0.008434642106294632,0.9907483458518982,2,0.9907483458518982
2026-08-13T17:29:38.041510,REAL_PERSON,0.0008098435937426984,0.008294119499623775,0.9908960461616516,2,0.9908960461616516
2026-08-13T17:29:38.259190,REAL_PERSON,0.0008212125976569951,0.008433370850980282,0.9907454252243042,2,0.9907454252243042
2026-08-13T17:29:38.475129,REAL_PERSON,0.0008140250574797392,0.008360658772289753,0.990825355052948,2,0.990825355052948
2026-08-13T17:29:38.755251,REAL_PERSON,0.0008160074939951301,0.008381842635571957,0.9908022284507751,2,0.9908022284507751
2026-08-13T17:29:38.993494,REAL_PERSON,0.0008214496192522347,0.008488805964589119,0.990689754486084,2,0.990689754486084
2026-08-13T17:29:39.210375,REAL_PERSON,0.0008114712545648217,0.008396097458899021,0.9907925128936768,2,0.9907925128936768
2026-08-13T17:29:39.429285,REAL_PERSON,0.000809605757240206,0.00834586750715971,0.9908445477485657,2,0.9908445477485657
2026-08-13T17:29:39.649366,REAL_PERSON,0.0008083218126557767,0.008343609981238842,0.9908480644226074,2,0.9908480644226074
2026-08-13T17:29:39.866027,REAL_PERSON,0.0008092813077382743,0.00844334252178669,0.9907474517822266,2,0.9907474517822266
2026-08-13T17:29:40.083247,REAL_PERSON,0.0008024541893973947,0.00827229954302311,0.9909251928329468,2,0.9909251928329468
2026-08-13T17:29:40.303573,REAL_PERSON,0.0008008238510228693,0.008217796683311462,0.99098140001297,2,0.99098140001297
2026-08-13T17:29:40.520557,REAL_PERSON,0.000794527237303555,0.008112219162285328,0.9910932183265686,2,0.9910932183265686
2026-08-13T17:29:40.739464,REAL_PERSON,0.0007995904888957739,0.00816203560680151,0.99103844165802,2,0.99103844165802
2026-08-13T17:29:40.954836,REAL_PERSON,0.0008131754584610462,0.00832792092114687,0.9908589720726013,2,0.9908589720726013
2026-08-13T17:29:41.173489,REAL_PERSON,0.0008018499938771129,0.008217504248023033,0.9909806847572327,2,0.9909806847572327
2026-08-13T17:29:41.398231,REAL_PERSON,0.0008208206854760647,0.008463988080620766,0.9907151460647583,2,0.9907151460647583
2026-08-13T17:29:41.625176,REAL_PERSON,0.0008008232689462602,0.008371524512767792,0.9908276200294495,2,0.9908276200294495
2026-08-13T17:29:41.845416,REAL_PERSON,0.0008223832119256258,0.008587579242885113,0.9905900955200195,2,0.9905900955200195
2026-08-13T17:29:42.062672,REAL_PERSON,0.0008100195555016398,0.008489697240293026,0.9907003045082092,2,0.9907003045082092
2026-08-13T17:29:42.290759,REAL_PERSON,0.0008087738533504307,0.008473784662783146,0.9907174706459045,2,0.9907174706459045
2026-08-13T17:29:42.519535,REAL_PERSON,0.0008304371149279177,0.008576028980314732,0.9905936121940613,2,0.9905936121940613
2026-08-13T17:29:42.752479,REAL_PERSON,0.000832519493997097,0.008604025468230247,0.9905633926391602,2,0.9905633926391602
2026-08-13T17:29:42.984316,REAL_PERSON,0.0008130536880344152,0.008359279483556747,0.990827739238739,2,0.990827739238739
2026-08-13T17:29:43.201681,REAL_PERSON,0.0008149387431330979,0.008411410264670849,0.990773618221283,2,0.990773618221283
2026-08-13T17:29:43.419878,REAL_PERSON,0.0008104987791739404,0.008351569063961506,0.9908378720283508,2,0.9908378720283508
2026-08-13T17:29:43.642055,REAL_PERSON,0.0008162109297700226,0.00846670102328062,0.9907171130180359,2,0.9907171130180359
2026-08-13T17:29:43.873193,REAL_PERSON,0.0008166507468558848,0.008449817076325417,0.9907335042953491,2,0.9907335042953491
2026-08-13T17:29:44.106147,REAL_PERSON,0.0008214984554797411,0.008498837240040302,0.9906796813011169,2,0.9906796813011169
2026-08-13T17:29:44.323310,REAL_PERSON,0.0008236844441853464,0.008539064787328243,0.9906372427940369,2,0.9906372427940369
2026-08-13T17:29:44.573575,REAL_PERSON,0.0008072927012108266,0.00839029811322689,0.9908024072647095,2,0.9908024072647095
2026-08-13T17:29:44.827043,REAL_PERSON,0.0008081741398200393,0.00827665813267231,0.9909151196479797,2,0.9909151196479797
2026-08-13T17:29:45.087882,REAL_PERSON,0.0008020703680813313,0.008256771601736546,0.9909411072731018,2,0.9909411072731018
2026-08-13T17:29:46.761680,REAL_PERSON,0.0008195339469239116,0.008444173261523247,0.9907363057136536,2,0.9907363057136536
2026-08-13T17:29:46.992897,REAL_PERSON,0.000820541987195611,0.008550402708351612,0.9906290173530579,2,0.9906290173530579
2026-08-13T17:29:47.224146,REAL_PERSON,0.0008177070994861424,0.008443634025752544,0.9907386302947998,2,0.9907386302947998
2026-08-13T17:29:47.445008,REAL_PERSON,0.0008156278054229915,0.008419986814260483,0.9907643795013428,2,0.9907643795013428
2026-08-13T17:29:47.673964,REAL_PERSON,0.0008211356471292675,0.00850321352481842,0.990675687789917,2,0.990675687789917
2026-08-13T17:29:47.908513,REAL_PERSON,0.0008142623701132834,0.008401764556765556,0.9907839298248291,2,0.9907839298248291
2026-08-13T17:29:48.135584,REAL_PERSON,0.0008165331673808396,0.008444242179393768,0.9907392263412476,2,0.9907392263412476
2026-08-13T17:29:48.358307,REAL_PERSON,0.000829723896458745,0.008615425787866116,0.9905548691749573,2,0.9905548691749573
2026-08-13T17:29:52.238788,REAL_PERSON,0.0008231127285398543,0.008516649715602398,0.9906602501869202,2,0.9906602501869202
2026-08-13T17:29:52.466957,REAL_PERSON,0.00081595778465271,0.008417695760726929,0.9907664060592651,2,0.9907664060592651
2026-08-13T17:29:52.689558,REAL_PERSON,0.0008129010675475001,0.008395155891776085,0.990791916847229,2,0.990791916847229
2026-08-13T17:29:52.951325,REAL_PERSON,0.0008142752922140062,0.008413438685238361,0.9907722473144531,2,0.9907722473144531
2026-08-13T17:29:53.202171,REAL_PERSON,0.0008141272701323032,0.00838400237262249,0.9908018708229065,2,0.9908018708229065
2026-08-13T17:29:53.460010,REAL_PERSON,0.0008211152162402868,0.008480152115225792,0.9906987547874451,2,0.9906987547874451
2026-08-13T17:29:53.686829,REAL_PERSON,0.0008163503953255713,0.008463545702397823,0.9907200336456299,2,0.9907200336456299
2026-08-13T17:29:53.927224,REAL_PERSON,0.0008235014392994344,0.008498156443238258,0.9906783103942871,2,0.9906783103942871
2026-08-13T17:29:54.152791,REAL_PERSON,0.0008214875124394894,0.008524300530552864,0.9906541705131531,2,0.9906541705131531
2026-08-13T17:29:54.371280,REAL_PERSON,0.0008186100167222321,0.008489716798067093,0.990691602230072,2,0.990691602230072
2026-08-13T17:29:54.589309,REAL_PERSON,0.0008388676797039807,0.008755631744861603,0.9904054999351501,2,0.9904054999351501
2026-08-13T17:29:54.808095,REAL_PERSON,0.0008432320319116116,0.008866170421242714,0.9902905821800232,2,0.9902905821800232
2026-08-13T17:29:55.025207,REAL_PERSON,0.0008359717903658748,0.008858712390065193,0.9903053045272827,2,0.9903053045272827
2026-08-13T17:29:55.240441,REAL_PERSON,0.0008336338214576244,0.00870545208454132,0.9904609322547913,2,0.9904609322547913
2026-08-13T17:29:55.461552,REAL_PERSON,0.00083878543227911,0.008843879215419292,0.9903173446655273,2,0.9903173446655273
2026-08-13T17:29:55.679123,REAL_PERSON,0.0008394208271056414,0.008746923878788948,0.9904137253761292,2,0.9904137253761292
2026-08-13T17:29:55.897854,REAL_PERSON,0.0008486006991006434,0.008937492035329342,0.990213930606842,2,0.990213930606842
2026-08-13T17:29:56.116671,REAL_PERSON,0.0008397506317123771,0.008815479464828968,0.9903447031974792,2,0.9903447031974792
2026-08-13T17:29:56.332135,REAL_PERSON,0.0008254845743067563,0.008607589639723301,0.9905669093132019,2,0.9905669093132019
2026-08-13T17:29:56.550331,REAL_PERSON,0.0007950595463626087,0.008282522670924664,0.9909223914146423,2,0.9909223914146423
2026-08-13T17:29:56.773247,REAL_PERSON,0.0007961446535773575,0.008270861580967903,0.9909329414367676,2,0.9909329414367676
2026-08-13T17:29:56.990268,REAL_PERSON,0.0007945845718495548,0.008253342472016811,0.9909520149230957,2,0.9909520149230957
2026-08-13T17:29:57.206083,REAL_PERSON,0.0007853806018829346,0.007989279925823212,0.9912253022193909,2,0.9912253022193909
2026-08-13T17:29:57.423975,REAL_PERSON,0.0007889522821642458,0.008094634860754013,0.9911164045333862,2,0.9911164045333862
2026-08-13T17:29:57.642807,REAL_PERSON,0.0008074890356510878,0.008255469612777233,0.9909370541572571,2,0.9909370541572571
2026-08-13T17:29:57.860270,REAL_PERSON,0.0008138043922372162,0.008433405309915543,0.9907528162002563,2,0.9907528162002563
2026-08-13T17:29:58.079424,REAL_PERSON,0.0008158889249898493,0.008436537347733974,0.9907475709915161,2,0.9907475709915161
2026-08-13T17:29:58.295271,REAL_PERSON,0.0008001247770152986,0.00833587720990181,0.9908639788627625,2,0.9908639788627625
2026-08-13T17:29:58.518225,REAL_PERSON,0.000803646573331207,0.008365289308130741,0.9908310770988464,2,0.9908310770988464
2026-08-13T17:29:58.733665,REAL_PERSON,0.0008425732958130538,0.008919378742575645,0.9902381300926208,2,0.9902381300926208
2026-08-13T17:29:58.949376,REAL_PERSON,0.0008620950975455344,0.008971025235950947,0.9901669025421143,2,0.9901669025421143
2026-08-13T17:29:59.171222,REAL_PERSON,0.0008404453983530402,0.008793938905000687,0.9903656244277954,2,0.9903656244277954
2026-08-13T17:29:59.386944,REAL_PERSON,0.0008408583234995604,0.008870928548276424,0.990288257598877,2,0.990288257598877
2026-08-13T17:29:59.605294,REAL_PERSON,0.0008293770370073617,0.008656824938952923,0.990513801574707,2,0.990513801574707
2026-08-13T17:29:59.822363,REAL_PERSON,0.0008337737526744604,0.008732225745916367,0.9904340505599976,2,0.9904340505599976
2026-08-13T17:30:00.048268,REAL_PERSON,0.0008569643250666559,0.008997154422104359,0.9901458621025085,2,0.9901458621025085
2026-08-13T17:30:00.275718,REAL_PERSON,0.0008534514345228672,0.008972013369202614,0.9901745319366455,2,0.9901745319366455
2026-08-13T17:30:00.495827,REAL_PERSON,0.0008397430065087974,0.008787746541202068,0.9903725385665894,2,0.9903725385665894
2026-08-13T17:30:00.713240,REAL_PERSON,0.0008431758615188301,0.00884960126131773,0.9903072118759155,2,0.9903072118759155
2026-08-13T17:30:00.933202,REAL_PERSON,0.0008530469494871795,0.009002297185361385,0.9901447296142578,2,0.9901447296142578
2026-08-13T17:30:01.154244,REAL_PERSON,0.0008419795776717365,0.00879962183535099,0.9903584122657776,2,0.9903584122657776
2026-08-13T17:30:01.368617,REAL_PERSON,0.0008373719174414873,0.008734332397580147,0.9904283285140991,2,0.9904283285140991
2026-08-13T17:30:01.588194,REAL_PERSON,0.000842709036078304,0.008817301131784916,0.9903400540351868,2,0.9903400540351868
2026-08-13T17:30:01.805947,REAL_PERSON,0.0008387035341002047,0.008772086352109909,0.9903892874717712,2,0.9903892874717712
2026-08-13T17:30:02.023235,REAL_PERSON,0.0008348043193109334,0.008708680048584938,0.9904565215110779,2,0.9904565215110779
2026-08-13T17:30:02.243686,REAL_PERSON,0.0008431835449300706,0.00881219282746315,0.9903445839881897,2,0.9903445839881897
2026-08-13T17:30:02.475818,REAL_PERSON,0.0008342902874574065,0.008715677075088024,0.9904500842094421,2,0.9904500842094421
2026-08-13T17:30:02.701130,REAL_PERSON,0.0008228021906688809,0.008527006022632122,0.9906501770019531,2,0.9906501770019531
2026-08-13T17:30:03.020123,REAL_PERSON,0.0008463537669740617,0.008876053616404533,0.9902775883674622,2,0.9902775883674622
2026-08-13T17:30:03.309942,REAL_PERSON,0.0008333161822520196,0.008644906803965569,0.9905217885971069,2,0.9905217885971069
2026-08-13T17:30:03.657728,REAL_PERSON,0.0008303122012875974,0.008636372163891792,0.9905333518981934,2,0.9905333518981934
2026-08-13T17:30:03.905826,REAL_PERSON,0.0008227620273828506,0.008636808954179287,0.9905405044555664,2,0.9905405044555664
2026-08-13T17:30:18.654711,PHOTO,0.0008313679718412459,0.008657032623887062,0.9905115962028503,2,0.9905115962028503
2026-08-13T17:30:18.872009,PHOTO,0.000831285142339766,0.008671769872307777,0.9904969930648804,2,0.9904969930648804
2026-08-13T17:30:19.091052,PHOTO,0.0008229720988310874,0.008564087562263012,0.9906128644943237,2,0.9906128644943237
2026-08-13T17:30:19.308142,PHOTO,0.0008263225317932665,0.008544069714844227,0.9906296133995056,2,0.9906296133995056
2026-08-13T17:30:19.650676,PHOTO,0.0008070855401456356,0.008197851479053497,0.9909951090812683,2,0.9909951090812683
2026-08-13T17:30:19.864819,PHOTO,0.0008270149701274931,0.008493435569107533,0.9906795620918274,2,0.9906795620918274
2026-08-13T17:30:20.086023,PHOTO,0.0007978352950885892,0.008012822829186916,0.9911893606185913,2,0.9911893606185913
2026-08-13T17:30:20.308217,PHOTO,0.0008099813130684197,0.008248346857726574,0.9909417033195496,2,0.9909417033195496
2026-08-13T17:30:20.524832,PHOTO,0.0008096537785604596,0.008218488655984402,0.9909718036651611,2,0.9909718036651611
2026-08-13T17:30:20.738987,PHOTO,0.0008168339263647795,0.008334264159202576,0.9908488988876343,2,0.9908488988876343
2026-08-13T17:30:20.954983,PHOTO,0.0008116132230497897,0.008233909495174885,0.9909544587135315,2,0.9909544587135315
2026-08-13T17:30:21.175007,PHOTO,0.0008028686861507595,0.00811596680432558,0.991081178188324,2,0.991081178188324
2026-08-13T17:30:21.394319,PHOTO,0.0008095596567727625,0.008219442330300808,0.9909709692001343,2,0.9909709692001343
2026-08-13T17:30:21.611499,PHOTO,0.0008266101940535009,0.008414859883487225,0.9907585382461548,2,0.9907585382461548
2026-08-13T17:30:21.829482,PHOTO,0.0008023996488191187,0.008255175314843655,0.9909424185752869,2,0.9909424185752869
2026-08-13T17:30:22.046124,PHOTO,0.0008298337925225496,0.008638107217848301,0.9905320405960083,2,0.9905320405960083
2026-08-13T17:30:22.266256,PHOTO,0.0008277983288280666,0.008760294876992702,0.9904119372367859,2,0.9904119372367859
2026-08-13T17:30:22.485001,PHOTO,0.0008414467447437346,0.008912228979170322,0.9902462959289551,2,0.9902462959289551
2026-08-13T17:30:22.707955,PHOTO,0.0008300497429445386,0.008742459118366241,0.9904274940490723,2,0.9904274940490723
2026-08-13T17:30:23.349167,PHOTO,0.0008275050204247236,0.008714813739061356,0.9904576539993286,2,0.9904576539993286
2026-08-13T17:30:23.572938,PHOTO,0.0008149555651471019,0.008554339408874512,0.9906306862831116,2,0.9906306862831116
2026-08-13T17:30:23.788987,PHOTO,0.0008532825740985572,0.009021751582622528,0.9901249408721924,2,0.9901249408721924
2026-08-13T17:30:24.009194,PHOTO,0.0008489288156852126,0.009067571721971035,0.9900834560394287,2,0.9900834560394287
2026-08-13T17:30:24.226725,PHOTO,0.0008433458860963583,0.008978454396128654,0.9901782274246216,2,0.9901782274246216
2026-08-13T17:30:24.446227,PHOTO,0.0008348706760443747,0.00887363962829113,0.9902915358543396,2,0.9902915358543396
2026-08-13T17:30:24.664621,PHOTO,0.0008509273757226765,0.009014934301376343,0.9901341795921326,2,0.9901341795921326
2026-08-13T17:30:24.877427,PHOTO,0.000850228127092123,0.009034531190991402,0.9901152849197388,2,0.9901152849197388
2026-08-13T17:30:25.098007,PHOTO,0.0008441713289357722,0.008964138105511665,0.9901916980743408,2,0.9901916980743408
2026-08-13T17:30:25.320659,PHOTO,0.0008449786109849811,0.00899417232722044,0.9901608228683472,2,0.9901608228683472
2026-08-13T17:30:25.552584,PHOTO,0.0008496259688399732,0.00898921862244606,0.9901611804962158,2,0.9901611804962158
2026-08-13T17:30:25.783698,PHOTO,0.0008396375342272222,0.008888131938874722,0.9902722239494324,2,0.9902722239494324
2026-08-13T17:30:26.002197,PHOTO,0.0008320861379615963,0.008829228579998016,0.9903386235237122,2,0.9903386235237122
2026-08-13T17:30:26.232548,PHOTO,0.0008487696177326143,0.008968732319772243,0.9901824593544006,2,0.9901824593544006
2026-08-13T17:30:26.453320,PHOTO,0.0008390443399548531,0.008899763226509094,0.9902612566947937,2,0.9902612566947937
2026-08-13T17:30:26.722941,PHOTO,0.0008491083863191307,0.00900435820221901,0.9901465773582458,2,0.9901465773582458
2026-08-13T17:30:26.956160,PHOTO,0.0008387950365431607,0.008964267559349537,0.990196943283081,2,0.990196943283081
2026-08-13T17:30:27.173747,PHOTO,0.000843362242449075,0.008922343142330647,0.9902342557907104,2,0.9902342557907104
2026-08-13T17:30:27.389473,PHOTO,0.0008251548279076815,0.008581427857279778,0.9905934929847717,2,0.9905934929847717
2026-08-13T17:30:27.610597,PHOTO,0.0008313677972182631,0.00881266314536333,0.9903559684753418,2,0.9903559684753418
2026-08-13T17:30:27.830700,PHOTO,0.0008278425084426999,0.00874365959316492,0.9904284477233887,2,0.9904284477233887
2026-08-13T17:30:28.059566,PHOTO,0.000831283163279295,0.00875962246209383,0.9904091358184814,2,0.9904091358184814
2026-08-13T17:30:28.279215,PHOTO,0.0008329841075465083,0.008778830990195274,0.9903882145881653,2,0.9903882145881653
2026-08-13T17:30:28.501883,PHOTO,0.0008371731964871287,0.008833074942231178,0.9903297424316406,2,0.9903297424316406
2026-08-13T17:30:28.954778,PHOTO,0.0007745823822915554,0.00898081623017788,0.9902446269989014,2,0.9902446269989014
2026-08-13T17:30:29.178868,PHOTO,0.0008097548270598054,0.009217007085680962,0.9899733066558838,2,0.9899733066558838
2026-08-13T17:30:29.406915,PHOTO,0.000781097449362278,0.008818677626550198,0.9904002547264099,2,0.9904002547264099
2026-08-13T17:30:29.630036,PHOTO,0.0008015906787477434,0.008944423869252205,0.9902539849281311,2,0.9902539849281311
2026-08-13T17:30:29.862869,PHOTO,0.0008029949385672808,0.008879456669092178,0.9903175830841064,2,0.9903175830841064
2026-08-13T17:30:30.093915,PHOTO,0.0008062311098910868,0.008964584209024906,0.9902291893959045,2,0.9902291893959045
2026-08-13T17:30:30.312884,PHOTO,0.0007910812273621559,0.008808084763586521,0.9904008507728577,2,0.9904008507728577
2026-08-13T17:30:30.542588,PHOTO,0.0008030460448935628,0.00896176602691412,0.9902352094650269,2,0.9902352094650269
2026-08-13T17:30:30.762406,PHOTO,0.0007876537274569273,0.008860606700181961,0.9903517365455627,2,0.9903517365455627
2026-08-13T17:30:30.983856,PHOTO,0.0007891030982136726,0.008930273354053497,0.9902806282043457,2,0.9902806282043457
2026-08-13T17:30:31.199911,PHOTO,0.000781185575760901,0.008634155616164207,0.990584671497345,2,0.990584671497345
2026-08-13T17:30:31.414900,PHOTO,0.0007963564130477607,0.009059171192348003,0.9901444911956787,2,0.9901444911956787
2026-08-13T17:30:31.636034,PHOTO,0.0007916705799289048,0.008897228166460991,0.9903110265731812,2,0.9903110265731812
2026-08-13T17:30:31.852387,PHOTO,0.0007775848498567939,0.008738663047552109,0.9904837608337402,2,0.9904837608337402
2026-08-13T17:30:32.072882,PHOTO,0.0007908276165835559,0.008902434259653091,0.9903067350387573,2,0.9903067350387573
2026-08-13T17:30:32.289418,PHOTO,0.0007863715291023254,0.008869696408510208,0.9903439283370972,2,0.9903439283370972
2026-08-13T17:30:32.510678,PHOTO,0.0007810500683262944,0.008841080591082573,0.9903779029846191,2,0.9903779029846191
2026-08-13T17:30:32.725874,PHOTO,0.0007738650892861187,0.008771879598498344,0.9904542565345764,2,0.9904542565345764
2026-08-13T17:30:32.952806,PHOTO,0.0007880875491537154,0.008921153843402863,0.9902907013893127,2,0.9902907013893127
2026-08-13T17:30:33.181864,PHOTO,0.0007875532028265297,0.008808127604424953,0.9904043674468994,2,0.9904043674468994
2026-08-13T17:30:33.413837,PHOTO,0.0007882647914811969,0.008817297406494617,0.9903944134712219,2,0.9903944134712219
2026-08-13T17:30:33.631814,PHOTO,0.0007930923602543771,0.00890160258859396,0.9903053045272827,2,0.9903053045272827
2026-08-13T17:30:33.853850,PHOTO,0.0007919177878648043,0.008793647401034832,0.9904143810272217,2,0.9904143810272217
2026-08-13T17:30:34.084812,PHOTO,0.0007970122387632728,0.008912368677556515,0.9902905821800232,2,0.9902905821800232
2026-08-13T17:30:34.319986,PHOTO,0.0008042205008678138,0.00903996080160141,0.990155816078186,2,0.990155816078186
2026-08-13T17:30:34.549620,PHOTO,0.0008180891163647175,0.009258471429347992,0.9899234175682068,2,0.9899234175682068
2026-08-13T17:30:34.769519,PHOTO,0.0008079733815975487,0.009157686494290829,0.990034282207489,2,0.990034282207489
2026-08-13T17:30:34.986257,PHOTO,0.000800579262431711,0.009050113148987293,0.9901492595672607,2,0.9901492595672607
2026-08-13T17:30:35.203822,PHOTO,0.000787421187851578,0.008743341080844402,0.9904692769050598,2,0.9904692769050598
2026-08-13T17:30:35.425454,PHOTO,0.0008136180695146322,0.009101000614464283,0.9900853633880615,2,0.9900853633880615
2026-08-13T17:30:35.639817,PHOTO,0.0008028065785765648,0.00894856546074152,0.9902486205101013,2,0.9902486205101013
2026-08-13T17:30:35.860331,PHOTO,0.0007883236976340413,0.008746923878788948,0.9904646873474121,2,0.9904646873474121
2026-08-13T17:30:36.078820,PHOTO,0.0007950497092679143,0.008842711336910725,0.990362286567688,2,0.990362286567688
2026-08-13T17:30:36.309794,PHOTO,0.0008015228668227792,0.009061187505722046,0.9901372194290161,2,0.9901372194290161
2026-08-13T17:30:36.529870,PHOTO,0.0007775970152579248,0.008653218857944012,0.9905691146850586,2,0.9905691146850586
2026-08-13T17:30:36.759848,PHOTO,0.00081142463022843,0.009160520508885384,0.9900280833244324,2,0.9900280833244324
2026-08-13T17:30:36.980756,PHOTO,0.0007907480467110872,0.00884971022605896,0.9903595447540283,2,0.9903595447540283
2026-08-13T17:30:37.210327,PHOTO,0.0007842603954486549,0.008762680925428867,0.9904531240463257,2,0.9904531240463257
2026-08-13T17:30:37.428841,PHOTO,0.0007943190867081285,0.008876629173755646,0.9903290271759033,2,0.9903290271759033
2026-08-13T17:30:37.647683,PHOTO,0.0007931867148727179,0.008878989145159721,0.990327775478363,2,0.990327775478363
2026-08-13T17:30:37.867069,PHOTO,0.0008189473301172256,0.009247788228094578,0.98993319272995,2,0.98993319272995
2026-08-13T17:30:38.082776,PHOTO,0.0007892805151641369,0.0087550925090909,0.9904555678367615,2,0.9904555678367615
2026-08-13T17:30:38.302480,PHOTO,0.0007875922019593418,0.008712319657206535,0.9905001521110535,2,0.9905001521110535
2026-08-13T17:30:38.518804,PHOTO,0.0007904591620899737,0.00873725675046444,0.9904723167419434,2,0.9904723167419434
2026-08-13T17:30:38.735140,PHOTO,0.0007995234918780625,0.009080665186047554,0.9901198148727417,2,0.9901198148727417
2026-08-13T17:30:38.957023,PHOTO,0.0007880281191319227,0.008782424032688141,0.9904295206069946,2,0.9904295206069946
2026-08-13T17:30:39.172809,PHOTO,0.0007852821727283299,0.008732574991881847,0.9904820919036865,2,0.9904820919036865
2026-08-13T17:30:39.390028,PHOTO,0.0007861502235755324,0.008762911893427372,0.990450918674469,2,0.990450918674469
2026-08-13T17:30:39.611803,PHOTO,0.0007869841647334397,0.008832269348204136,0.9903807044029236,2,0.9903807044029236
2026-08-13T17:30:39.828758,PHOTO,0.0007921780343167484,0.008886470459401608,0.9903213381767273,2,0.9903213381767273
2026-08-13T17:30:40.043931,PHOTO,0.0008054753416217864,0.008975068107247353,0.9902194142341614,2,0.9902194142341614
2026-08-13T17:30:40.264796,PHOTO,0.000770160520914942,0.008624101988971233,0.9906057715415955,2,0.9906057715415955
2026-08-13T17:30:40.481511,PHOTO,0.0007905664970166981,0.0088091054931283,0.9904003739356995,2,0.9904003739356995
2026-08-13T17:30:40.699487,PHOTO,0.0007921012002043426,0.008856944739818573,0.9903509020805359,2,0.9903509020805359
2026-08-13T17:30:40.919778,PHOTO,0.0007973607862368226,0.00892199482768774,0.9902806282043457,2,0.9902806282043457
2026-08-13T17:30:41.140769,PHOTO,0.0007875527953729033,0.008847903460264206,0.9903646111488342,2,0.9903646111488342
2026-08-13T17:30:41.377371,PHOTO,0.0007817514706403017,0.008756512776017189,0.9904617667198181,2,0.9904617667198181
2026-08-13T17:31:37.922026,SCREEN,0.0006974908756092191,0.0071333651430904865,0.992169201374054,2,0.992169201374054
2026-08-13T17:31:39.242907,SCREEN,0.000724674086086452,0.007716463413089514,0.9915589094161987,2,0.9915589094161987
2026-08-13T17:31:39.542255,SCREEN,0.000699566793628037,0.007276720367372036,0.9920237064361572,2,0.9920237064361572
2026-08-13T17:31:39.774909,SCREEN,0.0007349607767537236,0.008125205524265766,0.991139829158783,2,0.991139829158783
2026-08-13T17:31:40.642925,SCREEN,0.0007601642282679677,0.009136153385043144,0.9901037216186523,2,0.9901037216186523
2026-08-13T17:31:40.876860,SCREEN,0.0007075461326166987,0.007594674360007048,0.9916977882385254,2,0.9916977882385254
2026-08-13T17:31:49.776032,SCREEN,0.0007653358043171465,0.008549625985324383,0.9906850457191467,2,0.9906850457191467
2026-08-13T17:32:00.757757,SCREEN,0.0006028237985447049,0.008189788088202477,0.9912074208259583,2,0.9912074208259583
2026-08-13T17:32:16.586979,SCREEN,0.0005379390204325318,0.008093652315437794,0.9913684725761414,2,0.9913684725761414
2026-08-13T17:32:16.817051,SCREEN,0.0005824138061143458,0.008778027258813381,0.9906395673751831,2,0.9906395673751831
2026-08-13T17:32:17.052646,SCREEN,0.0006061824969947338,0.008827170357108116,0.9905666708946228,2,0.9905666708946228
2026-08-13T17:32:17.284553,SCREEN,0.0005972019280306995,0.008522208780050278,0.9908806085586548,2,0.9908806085586548
2026-08-13T17:32:17.518156,SCREEN,0.0005877168732695282,0.007674369029700756,0.9917379021644592,2,0.9917379021644592
2026-08-13T17:32:17.756744,SCREEN,0.000577170227188617,0.007848692126572132,0.9915741086006165,2,0.9915741086006165
2026-08-13T17:32:18.064702,SCREEN,0.0005715219303965569,0.007732489611953497,0.9916960597038269,2,0.9916960597038269
2026-08-13T17:32:18.299630,SCREEN,0.0006367994355969131,0.008547949604690075,0.990815281867981,2,0.990815281867981
2026-08-13T17:32:18.532666,SCREEN,0.0006165864178910851,0.008326251059770584,0.9910571575164795,2,0.9910571575164795
2026-08-13T17:32:18.767243,SCREEN,0.0005714002763852477,0.007691679522395134,0.9917369484901428,2,0.9917369484901428
2026-08-13T17:32:20.199420,SCREEN,0.0006179209449328482,0.008448677137494087,0.9909334182739258,2,0.9909334182739258
2026-08-13T17:32:42.004017,SCREEN,0.0007705590105615556,0.009586954489350319,0.9896425604820251,2,0.9896425604820251
2026-08-13T17:32:42.475935,SCREEN,0.0007239491678774357,0.00949662271887064,0.9897794127464294,2,0.9897794127464294
2026-08-13T17:32:42.710928,SCREEN,0.0007172998739406466,0.00945645198225975,0.9898262023925781,2,0.9898262023925781
2026-08-13T17:32:42.942385,SCREEN,0.0006653000600636005,0.00937873125076294,0.9899560213088989,2,0.9899560213088989
2026-08-13T17:32:43.201070,SCREEN,0.000582270382437855,0.008447732776403427,0.9909700155258179,2,0.9909700155258179
2026-08-13T17:32:43.441371,SCREEN,0.000605673179961741,0.008646599017083645,0.9907478094100952,2,0.9907478094100952
2026-08-13T17:32:43.679344,SCREEN,0.0006004390306770802,0.008603168651461601,0.9907963275909424,2,0.9907963275909424
2026-08-13T17:32:43.910719,SCREEN,0.0006026251940056682,0.008711741305887699,0.9906856417655945,2,0.9906856417655945
2026-08-13T17:32:44.143501,SCREEN,0.0006359367980621755,0.009278389625251293,0.9900857210159302,2,0.9900857210159302
2026-08-13T17:32:44.379329,SCREEN,0.0006375836674124002,0.009135995991528034,0.9902263879776001,2,0.9902263879776001
2026-08-13T17:32:44.613194,SCREEN,0.0006421604193747044,0.009208748117089272,0.9901490211486816,2,0.9901490211486816
2026-08-13T17:32:44.845318,SCREEN,0.0006461744196712971,0.009054591879248619,0.9902992248535156,2,0.9902992248535156
2026-08-13T17:32:45.081244,SCREEN,0.000649691210128367,0.008927518501877785,0.9904228448867798,2,0.9904228448867798
2026-08-13T17:32:45.318361,SCREEN,0.0006610224372707307,0.009047474712133408,0.9902915358543396,2,0.9902915358543396
2026-08-13T17:32:45.552307,SCREEN,0.000624064588919282,0.008709615096449852,0.9906663298606873,2,0.9906663298606873
2026-08-13T17:32:45.785899,SCREEN,0.0006443787133321166,0.00896767619997263,0.9903879761695862,2,0.9903879761695862
2026-08-13T17:32:46.019347,SCREEN,0.0006478095892816782,0.009167124517261982,0.990185022354126,2,0.990185022354126
2026-08-13T17:32:46.252278,SCREEN,0.0006476215785369277,0.009189941920340061,0.9901624917984009,2,0.9901624917984009
2026-08-13T17:32:46.486339,SCREEN,0.0006213936721906066,0.008878328837454319,0.990500271320343,2,0.990500271320343
2026-08-13T17:32:47.079963,SCREEN,0.0005856624920852482,0.008365033194422722,0.9910492897033691,2,0.9910492897033691
2026-08-13T17:32:47.310950,SCREEN,0.0006181541248224676,0.008817718364298344,0.9905641078948975,2,0.9905641078948975
2026-08-13T17:32:47.546531,SCREEN,0.0006424486637115479,0.00902898795902729,0.9903286099433899,2,0.9903286099433899
2026-08-13T17:32:47.779327,SCREEN,0.0006546822842210531,0.009046518243849277,0.9902987480163574,2,0.9902987480163574
2026-08-13T17:32:48.016330,SCREEN,0.0006456225528381765,0.008798064664006233,0.9905562996864319,2,0.9905562996864319
2026-08-13T17:32:48.250120,SCREEN,0.0006626122631132603,0.009150666184723377,0.9901866912841797,2,0.9901866912841797
2026-08-13T17:32:48.486746,SCREEN,0.0006464371690526605,0.009080048650503159,0.9902735352516174,2,0.9902735352516174
2026-08-13T17:32:48.724311,SCREEN,0.0006578428437933326,0.009136069566011429,0.9902060627937317,2,0.9902060627937317
2026-08-13T17:32:48.958587,SCREEN,0.0006756809307262301,0.009264438413083553,0.9900598526000977,2,0.9900598526000977
2026-08-13T17:32:49.192993,SCREEN,0.000672725320328027,0.009292772971093655,0.9900345206260681,2,0.9900345206260681
2026-08-13T17:32:49.426317,SCREEN,0.0006674861069768667,0.009296904318034649,0.9900355935096741,2,0.9900355935096741
2026-08-13T17:32:49.703073,SCREEN,0.0006936226855032146,0.009500248357653618,0.9898061156272888,2,0.9898061156272888
2026-08-13T17:32:49.931235,SCREEN,0.0006702310056425631,0.00921139307320118,0.9901184439659119,2,0.9901184439659119
2026-08-13T17:32:50.164817,SCREEN,0.0007071346044540405,0.009660860523581505,0.9896320104598999,2,0.9896320104598999
2026-08-13T17:32:50.399320,SCREEN,0.0007227997411973774,0.00987167377024889,0.9894054532051086,2,0.9894054532051086
2026-08-13T17:32:50.636137,SCREEN,0.0007451315759681165,0.009936893358826637,0.9893179535865784,2,0.9893179535865784
2026-08-13T17:32:50.868759,SCREEN,0.0007212852360680699,0.009458281099796295,0.9898203611373901,2,0.9898203611373901
2026-08-13T17:32:51.263182,SCREEN,0.0007016824092715979,0.009188275784254074,0.9901099801063538,2,0.9901099801063538
2026-08-13T17:32:52.677132,SCREEN,0.0006845296593382955,0.008846230804920197,0.9904692769050598,2,0.9904692769050598
2026-08-13T17:32:52.911262,SCREEN,0.0006920191226527095,0.009019413962960243,0.9902886152267456,2,0.9902886152267456
2026-08-13T17:32:53.232526,SCREEN,0.0007096207700669765,0.009739859960973263,0.9895505309104919,2,0.9895505309104919
2026-08-13T17:32:53.725179,SCREEN,0.0007088937563821673,0.0097951740026474,0.9894959330558777,2,0.9894959330558777
2026-08-13T17:32:53.948238,SCREEN,0.0006757493247278035,0.009273769333958626,0.9900505542755127,2,0.9900505542755127
2026-08-13T17:32:54.346499,SCREEN,0.0007055484456941485,0.00972962100058794,0.9895647764205933,2,0.9895647764205933
2026-08-13T17:32:57.486119,SCREEN,0.0006615142920054495,0.008722077123820782,0.9906163811683655,2,0.9906163811683655
2026-08-13T17:32:57.724765,SCREEN,0.0006670281291007996,0.009014706127345562,0.9903182983398438,2,0.9903182983398438
2026-08-13T17:32:58.027296,SCREEN,0.00025577296037226915,0.004713098518550396,0.9950311183929443,2,0.9950311183929443
2026-08-13T17:32:58.334167,SCREEN,0.0006637409096583724,0.009061186574399471,0.9902750253677368,2,0.9902750253677368
2026-08-13T17:32:58.727167,SCREEN,0.0006807411555200815,0.009088926948606968,0.9902303814888,2,0.9902303814888
2026-08-13T17:32:59.198605,SCREEN,0.0006556080770678818,0.008902818895876408,0.9904415607452393,2,0.9904415607452393
2026-08-13T17:32:59.433197,SCREEN,0.0006608976982533932,0.00876875501126051,0.9905703067779541,2,0.9905703067779541
2026-08-13T17:32:59.662322,SCREEN,0.0006588089163415134,0.008652095682919025,0.9906890392303467,2,0.9906890392303467
2026-08-13T17:32:59.900455,SCREEN,0.0006886544288136065,0.009086853824555874,0.9902245402336121,2,0.9902245402336121
2026-08-13T17:33:00.133971,SCREEN,0.0006780563853681087,0.009096018970012665,0.9902259707450867,2,0.9902259707450867
2026-08-13T17:33:00.367192,SCREEN,0.000698259100317955,0.009204234927892685,0.9900975227355957,2,0.9900975227355957
2026-08-13T17:33:00.601343,SCREEN,0.000691509572789073,0.008975286968052387,0.9903331398963928,2,0.9903331398963928
2026-08-13T17:33:00.833839,SCREEN,0.0006956736324355006,0.009207507595419884,0.9900968074798584,2,0.9900968074798584
2026-08-13T17:33:01.073647,SCREEN,0.0006929736118763685,0.009223493747413158,0.9900834560394287,2,0.9900834560394287
2026-08-13T17:33:01.304590,SCREEN,0.0007100724615156651,0.009477285668253899,0.9898126721382141,2,0.9898126721382141
2026-08-13T17:33:01.538173,SCREEN,0.0007234880467876792,0.009811007417738438,0.9894654750823975,2,0.9894654750823975
2026-08-13T17:33:01.771417,SCREEN,0.0007428014068864286,0.009794545359909534,0.989462673664093,2,0.989462673664093
2026-08-13T17:33:02.006003,SCREEN,0.0007311696535907686,0.009537245146930218,0.9897316098213196,2,0.9897316098213196
2026-08-13T17:33:02.241146,SCREEN,0.0007289829081855714,0.009558938443660736,0.989712119102478,2,0.989712119102478
2026-08-13T17:33:02.475136,SCREEN,0.0007227672031149268,0.009793580509722233,0.989483654499054,2,0.989483654499054
2026-08-13T17:33:02.708148,SCREEN,0.0007366245845332742,0.009772483259439468,0.9894909262657166,2,0.9894909262657166
2026-08-13T17:33:02.939981,SCREEN,0.0007234717486426234,0.009517524391412735,0.9897589683532715,2,0.9897589683532715
2026-08-13T17:33:03.175365,SCREEN,0.000717741553671658,0.009584798477590084,0.9896973967552185,2,0.9896973967552185
2026-08-13T17:33:03.409152,SCREEN,0.0007657642709091306,0.01012349035590887,0.9891107678413391,2,0.9891107678413391
2026-08-13T17:33:03.638660,SCREEN,0.0007565098931081593,0.010339228436350822,0.9889042973518372,2,0.9889042973518372
2026-08-13T17:33:03.872676,SCREEN,0.0007452458376064897,0.009918589144945145,0.9893361330032349,2,0.9893361330032349
2026-08-13T17:33:04.104253,SCREEN,0.0007437259773723781,0.00996130146086216,0.9892949461936951,2,0.9892949461936951
2026-08-13T17:33:04.340140,SCREEN,0.0007351250969804823,0.00990945566445589,0.9893553853034973,2,0.9893553853034973
2026-08-13T17:33:04.576704,SCREEN,0.0007467638934031129,0.010034384205937386,0.9892188906669617,2,0.9892188906669617
2026-08-13T17:33:04.812094,SCREEN,0.0007430781843140721,0.010019675828516483,0.9892372488975525,2,0.9892372488975525
2026-08-13T17:33:05.047598,SCREEN,0.0007426041411235929,0.010010414756834507,0.9892470240592957,2,0.9892470240592957
2026-08-13T17:33:05.281136,SCREEN,0.0007307783234864473,0.00964356493204832,0.9896256327629089,2,0.9896256327629089
2026-08-13T17:33:05.511002,SCREEN,0.0007306539337150753,0.009613933973014355,0.9896553754806519,2,0.9896553754806519
2026-08-13T17:33:05.746071,SCREEN,0.0007373490952886641,0.009403232485055923,0.989859402179718,2,0.989859402179718
2026-08-13T17:33:05.981422,SCREEN,0.0007345004705712199,0.009579204022884369,0.9896863102912903,2,0.9896863102912903
2026-08-13T17:33:06.214255,SCREEN,0.0007309179636649787,0.009537464007735252,0.9897316098213196,2,0.9897316098213196
2026-08-13T17:33:06.808812,SCREEN,0.0007097976049408317,0.009395886212587357,0.9898943305015564,2,0.9898943305015564
2026-08-13T17:33:07.197965,SCREEN,0.000703945173881948,0.008974972181022167,0.9903210997581482,2,0.9903210997581482
