timestamp,condition,frame,class_0,class_1,class_2
2026-08-14T01:43:26.969500,LIVE,1,0.0008860583766363561,0.008762304671108723,0.9903516173362732
2026-08-14T01:43:28.029531,LIVE,2,0.0008313290309160948,0.008585788309574127,0.9905828237533569
2026-08-14T01:43:29.217305,LIVE,3,0.0008062042179517448,0.008574468083679676,0.9906193017959595
2026-08-14T01:43:30.407565,LIVE,4,0.0007991016027517617,0.008533778600394726,0.9906671643257141
2026-08-14T01:43:31.451923,LIVE,5,0.0007832951960153878,0.008402564562857151,0.9908141493797302
2026-08-14T01:43:32.519255,LIVE,6,0.0007926315302029252,0.00855393335223198,0.9906534552574158
2026-08-14T01:43:34.986900,LIVE,7,0.0007913000299595296,0.008561755530536175,0.9906469583511353
2026-08-14T01:43:36.044244,LIVE,8,0.0008321693167090416,0.009007791988551617,0.9901600480079651
2026-08-14T01:43:37.043624,LIVE,9,0.000779040448833257,0.008945446461439133,0.990275502204895
2026-08-14T01:43:38.068988,LIVE,10,0.0007423022761940956,0.008581651374697685,0.9906760454177856
2026-08-14T01:43:39.188294,LIVE,11,0.0007175273494794965,0.00837060809135437,0.9909118413925171
2026-08-14T01:43:40.226651,LIVE,12,0.0006745016435161233,0.008062737993896008,0.9912627935409546
2026-08-14T01:43:41.300984,LIVE,13,0.0006815860979259014,0.008056046441197395,0.9912623167037964
2026-08-14T01:43:42.336341,LIVE,14,0.0006907643401063979,0.008090893737971783,0.9912182688713074
2026-08-14T01:43:43.496620,LIVE,15,0.0006896117120049894,0.008095554076135159,0.9912148714065552
2026-08-14T01:43:44.881762,LIVE,16,0.0006877155392430723,0.008130242116749287,0.9911820888519287
2026-08-14T01:43:46.103003,LIVE,17,0.0006898463470861316,0.00824075285345316,0.9910694360733032
2026-08-14T01:43:47.128367,LIVE,18,0.0006828883779235184,0.007997087202966213,0.9913200736045837
2026-08-14T01:43:48.099766,LIVE,19,0.0006816062377765775,0.008041473105549812,0.9912769794464111
2026-08-14T01:43:49.075161,LIVE,20,0.000691434892360121,0.008058627136051655,0.9912499189376831
2026-08-14T01:43:50.144497,LIVE,21,0.0007063957746140659,0.008229454979300499,0.991064190864563
2026-08-14T01:43:51.150873,LIVE,22,0.0007064062519930303,0.008249697275459766,0.9910439252853394
2026-08-14T01:43:52.059312,LIVE,23,0.0007259675185196102,0.008263579569756985,0.9910104274749756
2026-08-14T01:43:53.088673,LIVE,24,0.0007294926326721907,0.00821391399949789,0.9910565614700317
2026-08-14T01:43:54.014099,LIVE,25,0.0007235632510855794,0.008282922208309174,0.9909934401512146
2026-08-14T01:43:54.886080,LIVE,26,0.000716329668648541,0.008312041871249676,0.9909716844558716
2026-08-14T01:43:55.815503,LIVE,27,0.000720570853445679,0.008288837037980556,0.9909906387329102
2026-08-14T01:45:14.812677,SPOOF,1,0.0007007491076365113,0.009185997769236565,0.9901132583618164
2026-08-14T01:45:15.802063,SPOOF,2,0.0006872054073028266,0.009165334515273571,0.9901474118232727
2026-08-14T01:45:16.909377,SPOOF,3,0.0007138702203519642,0.00935295782983303,0.98993319272995
2026-08-14T01:45:17.912754,SPOOF,4,0.0007234638324007392,0.00949582364410162,0.9897806644439697
2026-08-14T01:45:18.815214,SPOOF,5,0.0007144928094930947,0.009395669214427471,0.9898898601531982
2026-08-14T01:45:19.763624,SPOOF,6,0.0007193998317234218,0.009530531242489815,0.9897500872612
2026-08-14T01:45:20.760008,SPOOF,7,0.0007012860151007771,0.009089103899896145,0.9902095794677734
2026-08-14T01:45:21.751395,SPOOF,8,0.0006978836026974022,0.009157414548099041,0.9901447296142578
2026-08-14T01:45:22.817733,SPOOF,9,0.0006781640113331378,0.008694961667060852,0.9906269311904907
2026-08-14T01:45:23.789130,SPOOF,10,0.0006930048693902791,0.009068919345736504,0.9902381300926208
2026-08-14T01:45:24.709558,SPOOF,11,0.0006873762467876077,0.008786245249211788,0.9905263185501099
2026-08-14T01:45:25.623992,SPOOF,12,0.0006880508735775948,0.008973478339612484,0.9903385043144226
2026-08-14T01:45:26.584395,SPOOF,13,0.0006878029089421034,0.009057720191776752,0.9902544617652893
2026-08-14T01:45:27.522812,SPOOF,14,0.0006904505426064134,0.00901386421173811,0.9902957081794739
2026-08-14T01:45:28.422256,SPOOF,15,0.000705997459590435,0.009062581695616245,0.990231454372406
2026-08-14T01:45:29.384658,SPOOF,16,0.0007060948410071433,0.009151154197752476,0.9901427030563354
2026-08-14T01:45:30.334071,SPOOF,17,0.0007007602835074067,0.009088142774999142,0.9902111291885376
2026-08-14T01:45:31.296472,SPOOF,18,0.0006949190283194184,0.00914737582206726,0.9901576638221741
2026-08-14T01:45:32.225896,SPOOF,19,0.0007095971377566457,0.009215904399752617,0.9900744557380676
2026-08-14T01:45:33.310223,SPOOF,20,0.0007008800748735666,0.00913255661725998,0.9901665449142456
2026-08-14T01:45:34.344582,SPOOF,21,0.0006955075659789145,0.009052721783518791,0.9902517795562744
2026-08-14T01:45:35.397927,SPOOF,22,0.0006860612775199115,0.008798319846391678,0.9905155897140503
2026-08-14T01:45:36.456272,SPOOF,23,0.000702860823366791,0.009100713767111301,0.9901963472366333
2026-08-14T01:45:37.406682,SPOOF,24,0.0006810766644775867,0.008879263885319233,0.9904396533966064
2026-08-14T01:45:38.342121,SPOOF,25,0.0007053511217236519,0.009258143603801727,0.9900364875793457
2026-08-14T01:45:39.323512,SPOOF,26,0.0007095739128999412,0.009152991697192192,0.9901374578475952
2026-08-14T01:45:40.264926,SPOOF,27,0.0007079924107529223,0.009204315021634102,0.9900876879692078
2026-08-14T01:45:41.297287,SPOOF,28,0.0006996677257120609,0.009037356823682785,0.9902629852294922
2026-08-14T01:45:42.300665,SPOOF,29,0.0007265404565259814,0.009421340189874172,0.9898521304130554
2026-08-14T01:45:43.221093,SPOOF,30,0.0007024949882179499,0.009085869416594505,0.9902116656303406
2026-08-14T01:45:44.194489,SPOOF,31,0.000731561565771699,0.009424569085240364,0.9898438453674316
